speciality,job_count,pay_range,competition,payment_status,duration,client_spent,skills
Data Processing,835,"(0.0, 200.0)",8233,1.0,18,105057277.82999986,"['Data Entry', 'Google Sheets', 'Microsoft Excel', 'Python', 'Visual Basic for Applications', 'SQL', 'Data Processing', 'Apache Kafka', 'Databricks Platform', 'Data Annotation', 'Data Labeling', 'Data Cleaning', 'Data Segmentation', 'R', 'Apache Airflow', 'Apache Spark']"
Data Mining,2233,"(0.0, 625.0)",20041,1.0,20,223238177.90999994,"['Data Entry', 'Lead Generation', 'Microsoft Excel', 'Data Scraping', 'Python', 'List Building', 'Data Mining', 'SQL', 'Tableau', 'Selenium', 'Microsoft Power BI', 'pandas', 'R', 'Beautiful Soup', 'Scrapy', 'Online Research', 'Python Scikit-Learn', 'NumPy']"
Business Applications Development,2379,"(0.0, 999.0)",22611,1.0,20,206598435.3300005,"['Office 365', 'Education', 'JavaScript', 'CSS', 'Java', 'PHP', 'Python', 'Business with 10-99 Employees', 'Business with 1-9 Employees', 'Finance & Accounting', 'Aerospace', 'C#', 'Religious, Charitable & Nonprofit', 'Food & Beverage', 'Tech & IT', 'Retail & Consumer Goods', 'SQL', 'Dashboard', 'Health & Wellness', 'Salesforce CRM', '.NET Framework', 'HR & Business Services', 'Manufacturing & Construction', 'Real Estate', 'HubSpot', 'Sales & Marketing', 'Media & Entertainment', 'HTML5', 'Energy & Utilities', 'Sports & Recreation', 'CRM Software', 'Fashion & Beauty', 'Business with 100-999 Employees', 'Legal', 'Salesforce Einstein', 'Automated Workflow', 'Business with 1000+ Employees', 'Microsoft SharePoint', 'Engineering & Architecture', 'ERP Software', 'Pardot', 'Salesforce Marketing Cloud', 'Zoho Platform', 'SAP ERP', 'CRM Development', 'Oracle NetSuite', 'Microsoft Dynamics 365', 'ServiceNow', 'Business Applications Development', 'jQuery', 'Salesforce Sales Cloud', 'Marketo', 'Science & Medicine', 'Business Applications Consultation', 'Software Integration', 'Custom App', 'Customer Portal', 'Marketing Automation Software', 'Automotive', 'Transportation & Warehousing', 'Demand Planning']"
Systems Engineering,1319,"(0.0, 250.0)",12115,1.0,22,147677525.3299998,"['Office 365', 'Education', 'Java', 'Python', 'Business with 10-99 Employees', 'Business with 1-9 Employees', 'Finance & Accounting', 'Aerospace', 'Religious, Charitable & Nonprofit', 'Food & Beverage', 'Tech & IT', 'Retail & Consumer Goods', 'Health & Wellness', 'Microsoft Active Directory', 'Windows Server', 'Manufacturing & Construction', 'Real Estate', 'Amazon Web Services', 'Docker', 'Kubernetes', 'Linux', 'Media & Entertainment', 'Energy & Utilities', 'Sports & Recreation', 'Travel & Hospitality', 'Microsoft Azure', 'Fashion & Beauty', 'Google Cloud Platform', 'Business with 100-999 Employees', 'Legal', 'Ansible', 'NGINX', 'Ubuntu', 'Microsoft Windows PowerShell', 'Business with 1000+ Employees', 'Engineering & Architecture', 'Microsoft Windows', 'Terraform', 'Apache HTTP Server', 'macOS', 'Science & Medicine', 'Computer Systems Engineering', 'Information Systems Engineering', 'Systems Engineering', 'Automotive', 'Microsoft Exchange Server', 'Transportation & Warehousing']"
IT Compliance,43,"(0.0, 90.0)",482,1.0,28,6376923.529999999,"['HIPAA', 'IT Compliance Audit', 'SaaS', 'Federal Information Security Management Act of 2002', 'FedRAMP', 'SOC 2 Report', 'Computer Network', 'Compliance Consultation', 'Risk Assessment', 'ISO 27001']"
Systems Administration,705,"(0.0, 200.0)",7027,1.0,18,80108005.18999998,"['Office 365', 'Python', 'Business with 10-99 Employees', 'Business with 1-9 Employees', 'Microsoft Active Directory', 'Windows Server', 'System Administration', 'Amazon Web Services', 'Linux', 'Microsoft Azure', 'Google Cloud Platform', 'Business with 100-999 Employees', 'Salesforce', 'NGINX', 'Ubuntu', 'Microsoft Windows PowerShell', 'Business with 1000+ Employees', 'Microsoft Windows', 'Apache HTTP Server', 'DNS', 'Security Management', 'System Monitoring', 'macOS', 'Server Virtualization', 'Microsoft Exchange Server']"
Cloud Engineering,1398,"(0.0, 999.0)",12667,1.0,23,150783753.74999994,"['Office 365', 'Education', 'Java', 'Python', 'Business with 10-99 Employees', 'Business with 1-9 Employees', 'Finance & Accounting', 'Aerospace', 'MySQL', 'Art & Design', 'Religious, Charitable & Nonprofit', 'Food & Beverage', 'Tech & IT', 'Retail & Consumer Goods', 'Salesforce CRM', '.NET Framework', 'Google Apps Script', 'Manufacturing & Construction', 'Real Estate', 'Amazon Web Services', 'MongoDB', 'Linux', 'SaaS', 'Sales & Marketing', 'Computer Network', 'Media & Entertainment', 'Energy & Utilities', 'Sports & Recreation', 'Microsoft Azure', 'Ruby on Rails', 'Fashion & Beauty', 'Amusement & Gambling', 'Google Cloud Platform', 'Business with 100-999 Employees', 'Cloud Architecture', 'Cloud Engineering', 'Cloud Testing', 'Business with 1000+ Employees', 'Apache Airflow', 'AWS Glue', 'Engineering & Architecture', 'AWS Amplify', 'Zoho Platform', 'SAP', 'Azure DevOps', 'Oracle NetSuite', 'Heroku', 'Ruby', 'Microsoft Dynamics 365', 'DigitalOcean', 'Science & Medicine', 'Cloud Implementation', 'Automotive', 'Cloud Management', 'Transportation & Warehousing']"
Solution Architecture,2032,"(0.0, 250.0)",19586,1.0,20,177545663.45,"['Office 365', 'Education', 'JavaScript', 'Java', 'PHP', 'Python', 'Business with 10-99 Employees', 'Finance & Accounting', 'Business with 1-9 Employees', 'Aerospace', 'C#', 'Religious, Charitable & Nonprofit', 'Food & Beverage', 'Tech & IT', 'Retail & Consumer Goods', 'Node.js', 'SQL', 'Health & Wellness', 'Manufacturing & Construction', 'Real Estate', 'Amazon Web Services', 'Media & Entertainment', 'Energy & Utilities', 'Sports & Recreation', 'Nonprofit Organization', 'Microsoft Azure', 'Fashion & Beauty', 'Amusement & Gambling', 'Google Cloud Platform', 'Business with 100-999 Employees', 'Salesforce', 'Legal', 'Business with 1000+ Employees', 'Military & Defense', 'Microsoft SharePoint', 'Engineering & Architecture', 'Elasticsearch', 'SAP', 'Oracle NetSuite', 'Microsoft Dynamics 365', 'Cloud Computing', 'Implementation', 'Solution Architecture Consultation', 'RESTful Architecture', 'Science & Medicine', 'Apex', 'Web Service', 'Aviation', 'Transportation & Warehousing']"
Scripting & Automation,2102,"(0.0, 200.0)",22091,1.0,16,188488925.5500001,"['Google Workspace', 'Google Sheets', 'Microsoft Excel', 'API Integration', 'Data Scraping', 'JavaScript', 'PHP', 'Python', 'Visual Basic for Applications', 'Automation', 'Make.com', 'Google Docs', 'Data Extraction', 'Data Mining', 'Node.js', 'Dashboard', 'Salesforce CRM', 'Google Apps Script', 'Microsoft Power Automate', 'Pine Script', 'TradingView', 'Scripting', 'Zapier', 'Google Sheets Automation', 'Selenium', 'TypeScript', 'n8n', 'Business Process Automation', 'AI Builder', 'Web Crawling', 'Web Application Development', 'R', 'UiPath', 'Microsoft Windows PowerShell', 'Beautiful Soup', 'Scrapy', 'AI Trading', 'Oracle NetSuite', 'Task Automation', 'Ruby', 'MetaTrader 4', 'Forex Trading', 'jQuery', 'Robotic Process Automation', 'NinjaTrader', 'Trading Automation', 'MetaTrader 5', 'Spreadsheet Automation', 'Lua']"
Product Management,1074,"(0.0, 200.0)",9876,1.0,22,152513646.63999993,"['Market Research', 'Project Management', 'Google Analytics', 'Microsoft Excel', 'Business with 10-99 Employees', 'Business with 1-9 Employees', 'Data Analysis', 'SQL', 'Product Backlog', 'Product Roadmap', 'Product Management', 'Go-to-Market Strategy', 'Wireframing', 'Prototyping', 'Usability Testing', 'Software Development', 'UX & UI', 'Product Development', 'Quality Assurance', 'Product Design', 'Business with 100-999 Employees', 'Status Reports', 'Functional Prototype', 'Jira', 'Business with 1000+ Employees', 'Implementation Plan', 'Agile Project Management', 'Asana', 'AI Product Management', 'Kanban Methodology', 'Trello', 'GitLab', 'Stakeholder Management', 'Requirements Specification', 'Design Thinking', 'Waterfall', 'Demo Presentation', 'Lean Development', 'Scrum', 'Mixpanel']"
Scrum Leadership,348,"(0.0, 200.0)",2946,1.0,24,70778945.66999996,"['Project Management', 'Microsoft Excel', 'Business with 10-99 Employees', 'Business with 1-9 Employees', 'Business Analysis', 'Quality Assurance', 'Business with 100-999 Employees', 'Jira', 'Business with 1000+ Employees', 'Agile Project Management', 'Microsoft Project', 'Asana', 'Trello', 'GitLab', 'Scrum', 'Coaching']"
Information Security,241,"(0.0, 200.0)",2093,1.0,25,23098930.959999986,"['Information Security', 'Business with 10-99 Employees', 'Business with 1-9 Employees', 'Penetration Testing', 'Vulnerability Assessment', 'Encryption', 'Network Security', 'Firewall', 'VPN', 'Kali Linux', 'Application Security', 'Business with 100-999 Employees', 'Information Security Consultation', 'Business with 1000+ Employees', 'Cybersecurity Management', 'Incident Response Plan', 'Database Security', 'Security Assessment & Testing', 'Security Policies & Procedures Documentation', 'Security Testing', 'AI Security', 'System Security', 'Nessus']"
Mobile Design,1148,"(0.0, 150.0)",12059,1.0,19,85302029.21999976,"['Search Engine Optimization', 'Android', 'iOS', 'Figma', 'Email Design', 'Wireframing', 'Mockup', 'Usability Testing', 'Canva', 'Adobe Illustrator', 'Adobe Photoshop', 'Landing Page', 'Visual Communication', 'Fluid UI', 'Mobile App Design', 'Competitive Analysis', 'Sketch', 'Framer', 'Mobile UI Design', 'User Flow', 'Responsive Design', 'Website Redesign', 'Webflow', 'App Development', 'Interaction Design', 'UI/UX Prototyping', 'Style Guide', 'Information Architecture', 'Journey Mapping', 'UX Research', 'High Fidelity Design', 'Microsoft Windows', 'Hybrid App', 'Mobile App', 'Icon Design', 'User Experience Strategy', 'Miro', 'Adobe XD', 'Web Component Design', 'iPadOS', 'Heuristic Evaluation', 'Zeplin']"
Web Design,3765,"(0.0, 315.0)",40110,1.0,18,264657844.13000163,"['Search Engine Optimization', 'WordPress', 'Squarespace', 'Website', 'Web Design', 'Web Development', 'WooCommerce', 'JavaScript', 'CSS', 'HTML', 'PHP', 'Figma', 'Mockup', 'User Interface Design', 'Prototyping', 'Wireframing', 'Usability Testing', 'Canva', 'Adobe Illustrator', 'Adobe Photoshop', 'Landing Page', 'User Experience Design', 'Wix', 'Adaptive Web Design', 'UX & UI', 'HTML5', 'Visual Communication', 'Shopify', 'Fluid UI', 'Advanced Custom Fields Plugin', 'All in One SEO', 'PayPal Plugin', 'Twitter/X Plugin', 'Vimeo Plugin', 'CSS 3', 'Competitive Analysis', 'Sketch', 'Framer', 'User Flow', 'User Experience', 'Elementor', 'Yoast SEO', 'Responsive Design', 'Kajabi', 'Website Redesign', 'Landing Page Optimization', 'Webflow', 'Website Customization', 'Sharetribe', 'Interaction Design', 'UI/UX Prototyping', 'Web & Mobile Design Consultation', 'Microsoft SharePoint', 'GoDaddy', 'Style Guide', 'Mailchimp Plugin', 'Facebook Plugin', 'Google AdSense Plugin', 'High Fidelity Design', 'Information Architecture', 'Journey Mapping', 'Sales Funnel', 'Icon Design', 'Theme Customization', 'WordPress Landing Page', 'User Experience Strategy', 'Miro', 'Contao', 'Divi', 'Adobe XD', 'Web Component Design', 'Magento', 'Heuristic Evaluation', 'Avada Theme Customization', 'Custom Web Design', 'Craft CMS', 'AWeber', 'Instagram Plugin', 'WeWeb', 'Thrive Themes', 'Sass', 'Gravity Forms', 'Moodle', 'LearnDash', 'Unbounce', 'Drupal', 'Joomla', 'Zeplin', 'Contact Form 7']"
Full Stack Development,4436,"(0.0, 315.0)",46536,1.0,18,293693212.92999977,"['Search Engine Optimization', 'PyTorch', 'LangChain', 'Google Analytics', 'WordPress', 'Web Development', 'API Integration', 'Ecommerce Website', 'JavaScript', 'CSS', 'HTML', 'Java', 'PHP', 'Python', 'C#', 'Laravel', 'MySQL', 'C++', 'Web Application', 'Database Development', 'TensorFlow', 'OpenCV', 'React', 'Node.js', 'Tailwind CSS', 'SQL', 'Rust', 'API Development', '.NET Framework', 'AngularJS', 'ASP.NET', 'RESTful API', 'Amazon Web Services', 'Amazon EC2', 'Docker', 'Kubernetes', 'MongoDB', 'PostgreSQL', 'Adobe Photoshop', 'Database Architecture', 'ChatGPT', 'SaaS', 'TypeScript', 'XML', 'AI Agent Development', 'SQLite', 'Dart', 'Full-Stack Development', 'GraphQL', 'HTML5', 'CSS 3', 'Microsoft SQL Server', 'WordPress Plugin', 'Microsoft Azure', 'AI App Development', 'AI Development', 'Google Chrome Extension', 'Angular', 'Ruby on Rails', 'Django', 'AI Model Integration', 'Transact-SQL', 'DevOps', 'Google Cloud Platform', 'Twilio API', 'Responsive Design', 'Website Redesign', 'Next.js', 'Ansible', 'Spring Boot', 'pandas', 'Git', 'Vue.js', 'Nuxt.js', 'Vuetify', 'Golang', 'Distributed Ledger Technology', 'Microsoft Access', 'GitHub', 'NGINX', 'Neo4j', 'AI Bot', 'OpenAI API', 'Scrapy', 'AWS Lambda', 'ExpressJS', 'AWS Amplify', 'CodeIgniter', 'Odoo', 'Elasticsearch', 'Agile Software Development', 'Three.js', 'Kotlin', 'Gemini for Google Workspace', 'Firebase Realtime Database', 'Azure DevOps', 'GPT-4', 'Odoo Development', 'Software Debugging', 'Jenkins', 'Ruby', 'Apache HTTP Server', 'Payment Gateway Integration', 'Desktop Application', 'Firebase Cloud Firestore', 'Flask', 'JSON', 'Website Optimization', 'Database Management', 'Elixir', 'lighttpd', 'Cloudflare', 'Apache Spark', 'Vercel', 'Redis', 'Realm Database', 'Facebook JavaScript', 'ASP.NET MVC', 'jQuery', 'Bootstrap', 'AJAX', 'MariaDB', 'Apache Maven', 'NestJS', 'GitLab', 'AI-Generated Code', 'Custom PHP', 'Spring Framework', 'RESTful Architecture', 'Redux', 'Chatbot', 'Browser Extension', 'Kendo UI', 'Claris FileMaker', 'ASP.NET Core', 'GPT API', 'ChatGPT API Integration', 'Platform Plugin', 'SAP HANA', 'LevelDB', 'Apache Geronimo', 'Oracle Database', 'HTTP', 'Microservice', 'Delphi', 'Twig', 'Erlang', 'Sass', 'React Bootstrap', 'Python Scikit-Learn', 'WebGL', 'Drupal', 'Joomla', 'Keras', 'OpenAI Codex Prompt', 'D3.js', 'NumPy']"
Generative AI Modeling,1348,"(0.0, 200.0)",14435,1.0,16,102142967.20999968,"['AI Model Development', 'AI Chatbot', 'AI Content Creation', 'Image Analysis', 'PyTorch', 'Auto-GPT', 'Azure OpenAI Service', 'Hugging Face', 'LangChain', 'Multimodal Large Language Model', 'JavaScript', 'Java', 'Python', 'Image Recognition', 'C++', 'TensorFlow', 'React', 'Rust', 'Adobe Photoshop', 'AI Content Writing', 'ChatGPT', 'Generative AI', 'Wix', 'Microsoft 365 Copilot', 'Prompt Engineering', 'Claude', 'Gemini', 'Framer', 'AI Model Integration', 'Swift', 'AI Mobile App Development', 'Natural Language Processing', 'Object Detection', 'Image Processing', 'Transformer Model', 'Whisper AI', 'R', 'Golang', 'Chatbot Development', 'Natural Language Generation', 'Streamlit', 'Gemini for Google Workspace', 'Claude 3.5 Sonnet', 'Large Language Model', 'ElevenLabs', 'GPT-4', 'Amazon SageMaker', 'AI Model Training', 'Hyperparameter Tuning', 'Model Deployment', 'Model Monitoring', 'Julia', 'Replit', 'Generative AI Prompt Engineering', 'AI-Generated Code', 'AI Audio Generation', 'Rasa', 'Model Tuning', 'LLM Prompt Engineering', 'Agent GPT', 'ChatGPT API Integration', 'Llama 3', 'AI Content Editing', 'AI Video Generation', 'MATLAB', 'Midjourney AI', 'OpenAI Embeddings', 'DALL-E', 'Data Augmentation', 'Keras', 'LLaMA']"
Deep Learning,553,"(0.0, 200.0)",5998,1.0,14,53520136.72999996,"['AI Model Development', 'PyTorch', 'Java', 'Python', 'C++', 'Deep Learning', 'TensorFlow', 'OpenCV', 'Computer Vision', 'Artificial Neural Network', 'AI Development', 'Natural Language Processing', 'Image Processing', 'Data Science Consultation', 'R', 'Salesforce Einstein', 'Natural Language Generation', 'Reinforcement Learning', 'Amazon SageMaker', 'AI Model Training', 'Deep Learning Modeling', 'Hyperparameter Tuning', 'Model Deployment', 'Model Monitoring', 'Long Short-Term Memory Network', 'Flask', 'deeplearn.js', 'Unsupervised Learning', 'Vertex AI', 'Neural Network', 'Chatbot', 'Model Tuning', 'MATLAB', 'Keras', 'Matplotlib']"
Machine Learning,897,"(0.0, 200.0)",9716,1.0,15,75565022.26999997,"['PyTorch', 'AI Model Development', 'Image Analysis', 'Java', 'Python', 'Image Recognition', 'C++', 'Computer Vision', 'Deep Learning', 'TensorFlow', 'OpenCV', 'Machine Learning', 'Tableau', 'SQL', 'Looker Studio', 'AI Agent Development', 'ArcGIS', 'Databricks Platform', 'AI App Development', 'AI Development', 'Predictive Model', 'AI Model Integration', 'AI Builder', 'Natural Language Processing', 'Feature Extraction', 'Data Science', 'Image Processing', 'Object Detection', 'Transformer Model', 'pandas', 'Data Preprocessing', 'Data Science Consultation', 'R', 'Natural Language Generation', 'MLOps', 'AI Bot', 'Scrapy', 'Reinforcement Learning', 'Machine Learning Algorithm', 'AI Trading', 'Streamlit', 'Amazon SageMaker', 'AIOps', 'Hyperparameter Tuning', 'AI Model Training', 'Model Deployment', 'Model Monitoring', 'ML Automation', 'Flask', 'Bayesian Statistics', 'K-Means Clustering', 'Support Vector Machine', 'Unsupervised Learning', 'deeplearn.js', 'AI Product Management', 'Apache Spark', 'Time Series Analysis', 'Time Series Forecasting', 'Machine Learning Model', 'Vertex AI', 'Chatbot', 'Model Tuning', 'MATLAB', 'OpenAI Embeddings', 'Data Augmentation', 'Python Scikit-Learn', 'XGBoost', 'Keras', 'Vector Embedding', 'Matplotlib', 'NumPy']"
AI Chatbot Development,724,"(0.0, 200.0)",7737,1.0,15,58404622.819999985,"['PyTorch', 'AI Chatbot', 'Java', 'PHP', 'Python', 'C++', 'TensorFlow', 'ChatGPT', 'Natural Language Processing', 'ManyChat', 'Chatbot Development', 'Natural Language Generation', 'Finance & Banking Chatbot', 'Scheduling & Assisting Chatbot', 'Social Media Chatbot', 'Dialogflow', 'GPT-4', 'Ruby', 'Rasa', 'Chatbot Training', 'Chatbot Tuning', 'Chatbot Integration', 'Pinecone']"
AI Integration,1421,"(0.0, 200.0)",14970,1.0,16,92117525.97999986,"['Azure OpenAI Service', 'API Integration', 'JavaScript', 'Java', 'PHP', 'Python', 'C#', 'C++', 'Node.js', 'RESTful API', 'XML', 'AI Model Integration', 'REST API', 'OpenAI API', 'Integration Testing', 'API Testing', 'ChatGPT API', 'Whisper API', 'Ruby', 'Application Integration', 'GPT API', 'ChatGPT API Integration', 'Chatbot Integration', 'Amazon Bedrock', 'Website Integration']"
Back-End Development,1935,"(0.0, 200.0)",20520,1.0,18,160637096.02000004,"['PyTorch', 'Google Analytics', 'API Integration', 'Java', 'PHP', 'Python', 'C#', 'MySQL', 'Laravel', 'C++', 'TensorFlow', 'OpenCV', 'Software Architecture & Design', 'SQL', 'Rust', 'API', 'Back-End Development', 'API Development', '.NET Framework', 'ASP.NET', 'RESTful API', 'MongoDB', 'PostgreSQL', 'Amazon Web Services', 'Docker', 'Kubernetes', 'Database Architecture', 'SaaS', 'TypeScript', 'XML', 'Dart', 'SQLite', 'GraphQL', 'Microsoft SQL Server', 'Apache Kafka', 'Database Design', 'Ruby on Rails', 'Django', 'Transact-SQL', 'Twilio API', 'REST API', 'Database', 'Ansible', 'Spring Boot', 'pandas', 'Git', 'Golang', 'Microsoft Access', 'GitHub', 'NGINX', 'Neo4j', 'OpenAI API', 'Scrapy', 'Apache Airflow', 'AWS Lambda', 'AWS Amplify', 'CodeIgniter', 'Odoo', 'Elasticsearch', 'Kotlin', 'Firebase Realtime Database', 'Azure DevOps', 'Jenkins', 'Ruby', 'Apache HTTP Server', 'Firebase Cloud Firestore', 'Flask', 'PHP Script', 'Elixir', 'lighttpd', 'Cloudflare', 'Apache Spark', 'Redis', 'Realm Database', 'ASP.NET MVC', 'MariaDB', 'Apache Maven', 'GitLab', 'Spring Framework', 'RESTful Architecture', 'Requirements Specification', 'ASP.NET Core', 'Database Maintenance', 'LevelDB', 'Apache Geronimo', 'Oracle Database', 'Web Service', 'HTTP', 'Microservice', 'Delphi', 'Twig', 'Erlang', 'Python Scikit-Learn', 'Python Script', 'Drupal', 'Joomla', 'Keras', 'NumPy']"
Data Analytics,1123,"(0.0, 200.0)",11512,1.0,19,123452252.08,"['Google Analytics', 'Google Sheets', 'Microsoft Excel', 'Growth Analytics', 'A/B Testing', 'Python', 'Visual Basic for Applications', 'Data Visualization', 'Google Tag Manager', 'Data Analysis', 'SQL', 'Dashboard', 'Query Development', 'Marketing Analytics', 'Business Intelligence', 'BigQuery', 'Looker', 'Tableau', 'Looker Studio', 'Data Analytics', 'Data Transformation', 'Data Analysis Consultation', 'Predictive Model', 'Operations Analytics', 'Microsoft Power BI', 'Oracle Analytics Cloud', 'BIRT', 'SAP Crystal Reports', 'Data Science', 'R', 'Statistics', 'Zoho Analytics', 'Big Data', 'Analytical Presentation', 'Domo', 'Qlik Sense', 'QlikView', 'Sales Analytics', 'Power Query', 'Snowflake', 'Time Series Analysis', 'Customer Service Analytics', 'Report', 'Product Analytics', 'Hypothesis Testing', 'Funnel Testing', 'Exploratory Data Analysis']"
Experimentation & Testing,334,"(0.0, 160.0)",3355,1.0,22,30759404.320000026,"['Google Analytics', 'A/B Testing', 'Google Tag Manager', 'Test Case Design', 'Conversion Rate Optimization', 'Hypothesis Testing', 'Funnel Testing', 'Multivariate Testing', 'Unbounce', 'Adobe Target', 'Mixpanel', 'Leadpages']"
DevOps Engineering,1433,"(0.0, 250.0)",13137,1.0,22,149614282.90999985,"['Education', 'Java', 'Python', 'Business with 10-99 Employees', 'Business with 1-9 Employees', 'Finance & Accounting', 'Aerospace', 'Religious, Charitable & Nonprofit', 'Food & Beverage', 'Tech & IT', 'Retail & Consumer Goods', 'Supply Chain & Logistics', 'Node.js', 'Health & Wellness', 'HR & Business Services', 'Manufacturing & Construction', 'Real Estate', 'Docker', 'Kubernetes', 'Linux', 'CI/CD', 'MongoDB', 'Amazon Web Services', 'Media & Entertainment', 'Energy & Utilities', 'Sports & Recreation', 'Nonprofit Organization', 'Microsoft Azure', 'Fashion & Beauty', 'Google Cloud Platform', 'Business with 100-999 Employees', 'Legal', 'Ansible', 'Git', 'Deployment Automation', 'Ubuntu', 'Microsoft Windows PowerShell', 'DevOps Engineering', 'System Automation', 'Business with 1000+ Employees', 'Military & Defense', 'Apache Airflow', 'AWS Glue', 'Engineering & Architecture', 'Application Release Automation', 'Microsoft Windows', 'Jenkins', 'Terraform', 'AIOps', 'macOS', 'Amazon ECS', 'Automotive', 'Automated Monitoring', 'Containerization', 'Transportation & Warehousing']"
Ecommerce Website Development,3304,"(0.0, 315.0)",35267,1.0,17,221979831.5500004,"['WordPress', 'Squarespace', 'Web Design', 'API Integration', 'WooCommerce', 'Ecommerce Website', 'JavaScript', 'CSS', 'HTML', 'Java', 'PHP', 'Python', 'Laravel', 'MySQL', 'React', 'Node.js', 'AngularJS', 'ASP.NET', 'Stripe', 'Square', 'MongoDB', 'PostgreSQL', 'Landing Page', 'SQLite', 'Wix', 'HTML5', 'Shopify', 'ClickFunnels', 'CSS 3', 'Microsoft SQL Server', 'WordPress Plugin', 'Angular', 'Ruby on Rails', 'Elementor', 'Responsive Design', 'Shopify Development', 'Webflow', 'Website Customization', 'Vue.js', 'App Development', 'PayPal', 'Microsoft Access', 'Design Enhancement', 'Shopify Templates', 'Website Migration', 'Neo4j', 'Recharge', 'Custom Ecommerce Platform Development', 'Firebase Realtime Database', 'Liquid', 'Ruby', 'Payment Gateway Integration', 'Firebase Cloud Firestore', 'Bug Fix', 'Theme Customization', 'Theme Development', 'Website Optimization', 'Redis', 'Realm Database', 'BigCommerce', 'jQuery', 'Bootstrap', 'Commerce Cloud', 'MariaDB', 'Ecommerce Backup & Migration', 'Divi', 'Magento', 'Platform Plugin', 'Authorize.Net', 'Page Speed Optimization', 'Shopify Plus', 'LevelDB', 'Ecommerce Storefront Design', 'Oracle Database', 'Ecommerce Development Consultation', 'Drupal', 'Joomla']"
Mobile App Development,2671,"(0.0, 200.0)",28190,1.0,16,162794105.43000016,"['Google Analytics', 'API Integration', 'JavaScript', 'Android', 'Java', 'PHP', 'Python', 'iOS', 'C#', 'Android App Development', 'iOS Development', 'Mobile App Development', 'Smartphone', 'Tablet', 'QR & Barcode Scanner', 'MySQL', 'Laravel', 'Flutter', 'Mapbox', 'C++', 'React', 'Node.js', 'AngularJS', 'Ionic Framework', 'MongoDB', 'PostgreSQL', 'Amazon Web Services', 'Chat & Messaging Software', 'TypeScript', 'SQLite', 'Dart', 'Hybrid App Development', 'User Authentication', 'Map Integration', 'GraphQL', 'HTML5', 'CSS 3', 'Virtual Reality', 'Microsoft SQL Server', 'C', 'Core Bluetooth', 'Angular', 'Mobile App Testing', 'Objective-C', 'Swift', 'Application Security', 'React Native', 'Twilio API', 'AI Mobile App Development', 'Bluetooth', 'Microsoft Access', 'GitHub', 'Firebase', 'UIKit', 'Neo4j', 'In-App Purchases', 'User Profile Creation', 'ARKit', 'OpenAI API', 'AWS Amplify', 'TV Set', 'Microsoft Windows', 'Kotlin', 'Native App Development', 'Camera', 'Firebase Realtime Database', 'iOS SDK', 'Ruby', 'Payment Gateway Integration', 'Social Media Account Integration', 'Firebase Cloud Firestore', 'Elixir', 'Apache Spark', 'Review or Feedback Collection', 'Redis', 'Realm Database', 'MariaDB', 'Personal Computer', 'Spring Framework', 'RESTful Architecture', 'Mobile App Development Consultation', 'Kendo UI', 'Claris FileMaker', 'iPadOS', 'Location-Based Service', 'WebRTC', 'Augmented Reality', 'LevelDB', 'Apple Xcode', 'Oracle Database', 'Appium', 'In-App Search', 'In-App Advertising', 'Gaming Console', 'Click-to-Call']"
Mobile Game Development,2645,"(0.0, 200.0)",27778,1.0,16,158935492.71000013,"['Google Analytics', 'API Integration', 'JavaScript', 'Android', 'Java', 'PHP', 'Python', 'iOS', 'C#', 'Android App Development', 'iOS Development', 'Mobile App Development', 'Smartphone', 'Tablet', 'QR & Barcode Scanner', 'Laravel', 'Flutter', 'Mapbox', 'MySQL', 'C++', 'React', 'Node.js', 'AngularJS', 'Ionic Framework', 'Amazon Web Services', 'MongoDB', 'PostgreSQL', 'Chat & Messaging Software', 'TypeScript', 'Dart', 'User Authentication', 'Map Integration', 'Hybrid App Development', 'SQLite', 'Unreal Engine', 'GraphQL', 'HTML5', 'CSS 3', 'Virtual Reality', 'Sports & Recreation', 'Microsoft SQL Server', 'C', 'Core Bluetooth', 'Angular', 'Godot', 'Objective-C', 'Swift', 'Application Security', 'React Native', 'Twilio API', 'Ages 3+', 'Bluetooth', 'GitHub', 'Firebase', 'UIKit', 'In-App Purchases', 'User Profile Creation', 'ARKit', 'OpenAI API', 'AWS Amplify', 'Unity', 'TV Set', 'Microsoft Windows', 'Kotlin', 'Native App Development', 'Camera', 'iOS SDK', 'Firebase Realtime Database', 'Ruby', 'Social Media Account Integration', 'Firebase Cloud Firestore', 'Elixir', 'Apache Spark', 'Review or Feedback Collection', 'Realm Database', 'Personal Computer', 'Puzzle', 'Spring Framework', 'RESTful Architecture', 'Kendo UI', 'iPadOS', 'Location-Based Service', 'WebRTC', 'Augmented Reality', 'LevelDB', 'Casual Game', 'Game Design Document', 'Game Development Bug Fix', 'Mobile Game', 'Apple Xcode', 'Roblox Studio', 'Appium', 'In-App Search', 'Performance Optimization', 'Online Multiplayer', 'In-App Advertising', 'Gaming Console', 'Click-to-Call', 'Game Prototype', 'Simulation Game']"
AR/VR Development,2521,"(0.0, 300.0)",25840,1.0,17,187639539.8800006,"['Education', 'Google Analytics', 'JavaScript', 'Android', 'Java', 'PHP', 'Python', 'iOS', 'C#', 'Android App Development', 'iOS Development', 'Mobile App Development', 'Laravel', 'Flutter', 'MySQL', 'C++', 'Retail & Consumer Goods', 'Supply Chain & Logistics', 'React', 'Node.js', 'Ionic Framework', 'Prototyping', 'Real Estate', 'MongoDB', 'PostgreSQL', 'Adobe Photoshop', 'TypeScript', 'Dart', 'SQLite', 'Explainer Video', 'SketchUp', 'Unreal Engine', 'Game Development', 'GraphQL', 'HTML5', 'CSS 3', 'Blender', 'Virtual Reality', 'Microsoft SQL Server', 'C', 'Marketing', 'Visualization', 'Angular', 'Objective-C', 'Swift', 'React Native', 'Firebase', 'ARKit', 'RealityKit', 'Unity', 'Microsoft Windows', 'Kotlin', 'Animation', 'Firebase Realtime Database', 'Mobile App', 'Ruby', 'Metaverse', 'Architecture & Interior Design', 'Firebase Cloud Firestore', 'Bug Fix', 'Training', 'Elixir', 'Realm Database', 'RESTful Architecture', 'iPadOS', 'Autodesk 3ds Max', 'Augmented Reality', 'VR Application', 'Game Design Document', 'Mobile Game', 'Healthcare', 'Manufacturing', 'Gaming']"
CMS Development,3023,"(0.0, 315.0)",31970,1.0,17,191494543.05000043,"['WordPress', 'Squarespace', 'Website', 'JavaScript', 'CSS', 'HTML', 'Ecommerce Website', 'WooCommerce', 'Java', 'PHP', 'Python', 'C#', 'MySQL', 'C++', 'SQL', 'Rust', 'API', 'MongoDB', 'PostgreSQL', 'Landing Page', 'TypeScript', 'Dart', 'SQLite', 'Wix', 'GraphQL', 'HTML5', 'Shopify', 'CSS 3', 'Advanced Custom Fields Plugin', 'All in One SEO', 'PayPal Plugin', 'Twitter/X Plugin', 'Vimeo Plugin', 'Microsoft SQL Server', 'WordPress Development', 'WordPress Plugin', 'Transact-SQL', 'Responsive Design', 'WordPress Customization', 'WordPress Installation', 'Elementor', 'Yoast SEO', 'Kajabi', 'Website Redesign', 'Webflow', 'CMS Development', 'Website Customization', 'Sharetribe', 'Golang', 'Microsoft Access', 'Website Migration', 'Neo4j', 'Microsoft SharePoint', 'GoDaddy', 'Mailchimp Plugin', 'Facebook Plugin', 'Google AdSense Plugin', 'WordPress SEO Plugin', 'Social Media Plugin', 'Kotlin', 'Firebase Realtime Database', 'Ruby', 'Firebase Cloud Firestore', 'Bug Fix', 'Theme Customization', 'Theme Development', 'Website Optimization', 'Elixir', 'Redis', 'Realm Database', 'PSD to WordPress', 'WordPress Optimization', 'WordPress Security', 'WordPress Theme', 'MariaDB', 'Contao', 'Divi', 'Magento', 'CMS Product Upload', 'Blog', 'Platform Plugin', 'Craft CMS', 'SEO Plugin', 'LevelDB', 'Plugin Customization', 'WordPress Bug Fix', 'WordPress Migration', 'AWeber', 'SEO-Based Website', 'Instagram Plugin', 'WeWeb', 'Oracle Database', 'Plugin Development', 'Analytics Plugin', 'Payment Plugin', 'Delphi', 'Thrive Themes', 'Erlang', 'Sass', 'Gravity Forms', 'Moodle', 'LearnDash', 'Unbounce', 'Drupal', 'Joomla', 'Contact Form 7']"
Front-End Development,2342,"(0.0, 315.0)",24561,1.0,18,171202055.33999974,"['Google Analytics', 'WordPress', 'Website', 'JavaScript', 'CSS', 'HTML', 'Ecommerce Website', 'Web Application', 'React', 'Node.js', 'Tailwind CSS', 'SQL', '.NET Framework', 'AngularJS', 'Amazon Web Services', 'Docker', 'Kubernetes', 'Adobe Photoshop', 'Landing Page', 'SaaS', 'TypeScript', 'XML', 'Front-End Development', 'HTML5', 'CSS 3', 'Google Chrome Extension', 'Angular', 'Responsive Design', 'Website Redesign', 'Next.js', 'Git', 'Vue.js', 'Nuxt.js', 'Vuetify', 'GitHub', 'ExpressJS', 'AWS Amplify', 'Agile Software Development', 'Three.js', 'Azure DevOps', 'Jenkins', 'UI Animation', 'JSON', 'Vercel', 'Facebook JavaScript', 'jQuery', 'Bootstrap', 'AJAX', 'GitLab', 'Redux', 'Browser Extension', 'Kendo UI', 'Blog', 'Page Speed Optimization', 'Sass', 'React Bootstrap', 'WebGL', 'D3.js']"
Data Visualization,1355,"(0.0, 200.0)",14385,1.0,16,118477485.98999994,"['Google Sheets', 'Microsoft Excel', 'API Integration', 'JavaScript', 'Java', 'Python', 'Data Visualization', 'Looker', 'Tableau', 'SQL', 'Business Intelligence', 'Dashboard', 'Looker Studio', 'Presentations', 'ArcGIS', 'Microsoft Power BI', 'BIRT', 'SAP Crystal Reports', 'R', 'Zoho Analytics', 'Kibana', 'Domo', 'QGIS', 'Digital Mapping', 'Qlik Sense', 'QlikView', 'Power Query', 'Microsoft Power BI Data Visualization', 'Talend Open Studio', 'Grafana', 'D3.js', 'Matplotlib']"
Coding Tutoring,2303,"(0.0, 315.0)",24484,1.0,16,142279344.46999946,"['Web Development', 'JavaScript', 'CSS', 'HTML', 'Java', 'PHP', 'Python', 'C#', 'C++', 'Machine Learning', 'Data Analysis', 'SQL', 'Rust', 'Scripting', 'ChatGPT', 'Software Development', 'TypeScript', 'C', 'AI Development', 'Swift', 'R', 'App Development', 'Golang', 'Algorithm Development', 'Kotlin', 'Software Debugging', 'Ruby', 'Sass', 'Data Structures']"
Prototyping,1163,"(0.0, 315.0)",12285,1.0,16,91844459.7499997,"['Web Design', 'Autodesk AutoCAD', '3D Modeling', 'Figma', 'Prototyping', 'User Interface Design', 'SolidWorks', 'Adobe Illustrator', 'Adobe Photoshop', 'User Experience Design', 'Adaptive Web Design', 'Game Design', 'Product Development', 'Mobile App Design', 'Blender', 'Sketch', '3D Printing', 'Product Design', 'Mechanical Design', 'Mobile UI Design', 'CAD', 'Responsive Design', 'Hardware Prototyping', 'Functional Prototype', 'Rapid Prototyping', 'Interaction Design', 'Software Design', 'UI/UX Prototyping', 'High Fidelity Design', 'Button Design', 'Electronic Design', 'Design Mockup', 'Adobe XD', 'Web Component Design', 'User-Centered Design', 'Injection Mold Design', 'Interactive Mockup', 'Zeplin', 'Game Prototype', 'Autodesk Fusion 360']"
UX/UI Design,1222,"(0.0, 315.0)",13198,1.0,19,124156828.20999971,"['Web Design', 'Figma', 'Email Design', 'Prototyping', 'Wireframing', 'User Interface Design', 'Mockup', 'Usability Testing', 'Canva', 'Adobe Illustrator', 'Adobe Photoshop', 'Landing Page', 'User Experience Design', 'Adaptive Web Design', 'UX & UI', 'Visual Communication', 'Fluid UI', 'Mobile App Design', 'Competitive Analysis', 'Sketch', 'Framer', 'Mobile UI Design', 'User Flow', 'Responsive Design', 'Website Redesign', 'Webflow', 'Design Enhancement', 'Interaction Design', 'Software Design', 'UI/UX Prototyping', 'Style Guide', 'Information Architecture', 'Journey Mapping', 'UX Research', 'High Fidelity Design', 'Mobile App', 'Button Design', 'GUI Design', 'Icon Design', 'Agile Project Management', 'UI Animation', 'Human-Centered Design', 'Design & Usability Research', 'Website Asset', 'Cross Browser & Device Compatibility', 'User Experience Strategy', 'Miro', 'Design Mockup', 'Home Page', 'Game UI/UX Design', 'Adobe XD', 'Web Component Design', 'Heuristic Evaluation', 'Custom Web Design', 'User-Centered Design', 'Interactive Mockup', 'Zeplin']"
Data Engineering,711,"(0.0, 200.0)",7379,1.0,16,86106069.12999988,"['Microsoft Excel', 'Java', 'Python', 'BigQuery', 'SQL', 'Docker', 'Kubernetes', 'Database Architecture', 'Apache Kafka', 'Databricks Platform', 'PySpark', 'Database Design', 'Data Engineering', 'Data Transformation', 'ETL Pipeline', 'Data Integration', 'Data Preprocessing', 'R', 'Apache Airflow', 'AWS Glue', 'Elasticsearch', 'Apache Spark', 'Snowflake', 'Data Migration', 'Talend Open Studio', 'Informatica', 'dbt']"
Automation Testing,2039,"(0.0, 200.0)",21183,1.0,17,178969192.66000012,"['Microsoft Excel', 'JavaScript', 'CSS', 'HTML', 'Java', 'PHP', 'Python', 'C#', 'MySQL', 'C++', 'SQL', 'Bug Tracking & Reports', 'Software QA', 'Test Execution', 'Test Management', 'Test Plan', 'Functional Testing', 'MongoDB', 'PostgreSQL', 'Docker', 'Kubernetes', 'Selenium', 'TypeScript', 'SQLite', 'Dart', 'GraphQL', 'HTML5', 'Quality Control', 'End-to-End Testing', 'CSS 3', 'Microsoft SQL Server', 'Mobile App Testing', 'Web Testing', 'Transact-SQL', 'Ansible', 'Automated Testing', 'Golang', 'Microsoft Access', 'Jira', 'Kotlin', 'API Testing', 'Integration Testing', 'Jenkins', 'Ruby', 'Firebase Cloud Firestore', 'Asana', 'Redis', 'Realm Database', 'MariaDB', 'Database Testing', 'Desktop Application Testing', 'Software Testing', 'Trello', 'GitLab', 'Sanity Testing', 'Zephyr', 'Test Automation Framework', 'Game Testing', 'Test Design', 'LevelDB', 'BrowserStack', 'Regression Testing', 'Oracle Database', 'Postman', 'Cypress', 'Selenium WebDriver', 'Appium', 'Security Testing', 'Katalon Studio']"
Manual Testing,265,"(0.0, 150.0)",2620,1.0,23,77606494.17999992,"['Microsoft Excel', 'Bug Tracking & Reports', 'Test Case Design', 'Test Execution', 'Test Management', 'Test Plan', 'Usability Testing', 'Functional Testing', 'Docker', 'Kubernetes', 'End-to-End Testing', 'Mobile App Testing', 'Web Testing', 'Jira', 'API Testing', 'Integration Testing', 'Manual Testing', 'Asana', 'Database Testing', 'Desktop Application Testing', 'Trello', 'GitLab', 'Sanity Testing', 'Zephyr', 'Test Design', 'Game Testing', 'Regression Testing', 'BrowserStack', 'Postman', 'Appium']"
Data Extraction,1393,"(0.0, 200.0)",14775,1.0,15,83276098.74999982,"['API Integration', 'Data Scraping', 'JavaScript', 'PHP', 'Python', 'C#', 'Data Extraction', 'SQL', 'Google Apps Script', 'Selenium', 'ETL Pipeline', 'Data Integration', 'ETL', 'Web Crawling', 'pandas', 'R', 'Web Scraping', 'Beautiful Soup', 'Scrapy', 'Power Query', 'Talend Open Studio', 'Informatica', 'Puppeteer', 'Web Scraping Framework', 'Selenium WebDriver', 'Web Scraping Plugin']"
Video Game Development,1795,"(0.0, 200.0)",18770,1.0,15,102313003.80999959,"['API Integration', 'JavaScript', 'Java', 'PHP', 'Python', 'Android', 'C#', 'iOS', 'QR & Barcode Scanner', 'Smartphone', 'Tablet', 'C++', 'Linux', 'Chat & Messaging Software', 'TypeScript', 'Dart', 'Hybrid App Development', 'User Authentication', 'Map Integration', 'Unreal Engine', 'HTML5', 'CSS 3', 'Virtual Reality', 'Sports & Recreation', 'C', 'Godot', 'Objective-C', 'Swift', 'Application Security', 'Ages 3+', 'Bluetooth', 'In-App Purchases', 'User Profile Creation', 'Unity', 'Microsoft Windows', 'Kotlin', 'Native App Development', 'Camera', 'Ruby', 'Social Media Account Integration', 'Review or Feedback Collection', 'macOS', 'Puzzle', 'Personal Computer', 'iPadOS', 'Location-Based Service', 'Augmented Reality', 'Game Testing', 'Game Design Document', 'Game Development Bug Fix', 'Mobile Game', 'Casual Game', 'Roblox Studio', 'Lua', 'In-App Search', 'Performance Optimization', 'Video Game', 'Online Multiplayer', 'In-App Advertising', 'Click-to-Call', 'Gaming Console', 'Game Prototype', 'Simulation Game']"
Blockchain & NFT Development,1462,"(0.0, 200.0)",15248,1.0,16,91034661.15999988,"['JavaScript', 'CSS', 'Java', 'PHP', 'Python', 'C#', 'Blockchain Tokenization', 'C++', 'Node.js', 'Rust', 'TypeScript', 'Blockchain Architecture', 'Blockchain Development', 'Blockchain Security', 'Ethereum', 'Cryptography', 'Smart Contract', 'Solidity', 'Golang', 'Kotlin', 'Ruby', 'Crypto Exchange Platform', 'Solana', 'NFT', '3D Avatar', 'Discord Bot Development']"
Crypto Wallet Development,1753,"(0.0, 200.0)",18357,1.0,15,107365813.74999957,"['JavaScript', 'CSS', 'HTML', 'Java', 'PHP', 'Python', 'Android', 'C#', 'iOS', 'C++', 'Rust', 'Linux', 'TypeScript', 'Solidity', 'Golang', 'Microsoft Windows', 'Kotlin', 'Ruby', 'macOS', 'Lua', 'Crypto Wallet Development']"
Desktop Software Development,1212,"(0.0, 200.0)",12650,1.0,16,96069757.57999986,"['JavaScript', 'Java', 'Python', 'Visual Basic for Applications', 'C#', 'MySQL', 'C++', '.NET Framework', 'Prototyping', 'MongoDB', 'PostgreSQL', 'Docker', 'Kubernetes', 'Linux', 'SQLite', 'Microsoft SQL Server', 'C', 'Database Design', 'Objective-C', 'Swift', 'Application Security', 'JetBrains IntelliJ IDEA', 'Git', 'Microsoft Access', 'Microsoft Windows', 'Firebase Realtime Database', 'Azure DevOps', 'Jenkins', 'Desktop Application', 'Firebase Cloud Firestore', 'Bug Fix', 'Redis', 'Realm Database', 'Electron', 'macOS', 'MariaDB', 'Desktop Application Testing', 'GitLab', 'Application Integration', 'LevelDB', 'Apple Xcode', 'Oracle Database', 'Delphi', 'Standalone Application', 'Qt Framework']"
Database Development,1277,"(0.0, 200.0)",13453,1.0,15,96021413.05999997,"['JavaScript', 'PHP', 'Python', 'Visual Basic for Applications', 'C#', 'MySQL', 'Database Development', 'SQL', 'Query Development', 'MongoDB', 'PostgreSQL', 'Database Architecture', 'SQLite', 'Microsoft SQL Server', 'Database Design', 'Oracle PLSQL', 'Transact-SQL', 'ETL', 'Query Analysis', 'R', 'Microsoft Access', 'Database Optimization', 'Database Report', 'Bug Fix', 'Realm Database', 'Database Security', 'MariaDB', 'Data Migration', 'Database Administration', 'Database Integration', 'Claris FileMaker', 'Database Maintenance', 'Oracle Database', 'Performance Optimization']"
Firmware Development,845,"(0.0, 200.0)",8773,1.0,14,55746370.04999995,"['JavaScript', 'Python', 'PLC', 'C++', 'Computer Vision', 'Firmware', 'Internet of Things Software', 'WiFi', 'Embedded System', 'Microcontroller Programming', 'Raspberry Pi', 'C', 'Arduino', 'ESP32', 'Bluetooth', 'FPGA', 'LoRa', 'Arduino Firmware', 'Assembly Language', 'Embedded Application', 'Embedded Linux', 'Energy Optimization', 'Embedded C', 'Raspberry Pi Firmware', 'STM32']"
Knowledge Representation,419,"(0.0, 200.0)",4504,1.0,14,35285365.84999998,"['Java', 'Python', 'Natural Language Processing', 'Neo4j', 'Graph Database']"
Database Administration,348,"(0.0, 200.0)",3271,1.0,23,29019332.41000001,"['Business with 10-99 Employees', 'Business with 1-9 Employees', 'MySQL', 'SQL', 'MongoDB', 'PostgreSQL', 'SQLite', 'Microsoft SQL Server', 'Database Design', 'SQL Server Integration Services', 'Transact-SQL', 'Business with 100-999 Employees', 'ETL', 'Microsoft Access', 'Microsoft Windows PowerShell', 'Neo4j', 'Business with 1000+ Employees', 'Database Optimization', 'Firebase Realtime Database', 'Firebase Cloud Firestore', 'Redis', 'Realm Database', 'MariaDB', 'Data Migration', 'Database Administration', 'Claris FileMaker', 'SAP HANA', 'LevelDB', 'Oracle Database']"
Network Administration,267,"(0.0, 250.0)",2211,1.0,23,26827132.980000008,"['Business with 10-99 Employees', 'Business with 1-9 Employees', 'Network Security', 'Network Administration', 'VPN', 'Network Equipment', 'Network Engineering', 'Network Monitoring', 'Cisco Meraki', 'Cisco Prime', 'Cisco WLC', 'Linux', 'Network Design', 'MikroTik', 'Business with 100-999 Employees', 'VoIP', 'Ubuntu', 'Business with 1000+ Employees', 'Microsoft Windows', 'Ubiquiti', 'macOS', 'Fortinet', 'Zabbix', 'VMWare', 'Virtual LAN']"
AI Data Annotation & Labeling,10,"(0.0, 75.0)",111,1.0,7,2073779.37,"['OpenCV', 'Data Annotation', 'Data Labeling', 'Video Annotation', 'Data Segmentation']"
Network Security,63,"(0.0, 200.0)",544,1.0,17,1734900.4199999997,"['Encryption', 'Network Security', 'Firewall', 'Internet Protocol Security', 'Intrusion Prevention System', 'VPN', 'Intrusion Detection System', 'System Hardening', 'Web Proxy']"
Emerging Tech,36,"(0.0, 120.0)",329,1.0,20,16105560.409999998,"['Business Analysis', 'Robotics', 'Web3', 'DeFi', 'Distributed Ledger Technology', 'Research & Development', 'Metaverse', 'Internet of Things', 'Robotic Process Automation', 'FinTech', 'Tokenomics']"
Crypto Coins & Tokens,13,"(0.0, 120.0)",142,1.0,13,101238.46,"['Ethereum', 'Smart Contract', 'Bitcoin']"
